id,name,api_name,primary_type,secondary_type,habitat,height_m,weight_kg,capture_rate,moves_count,encounter_area_count,processed_tokens,processed_hash,description_fallback
1,Bulbasaur,bulbasaur,grass,poison,grassland,0.7,6.9,45,42,1,83,e0b55d667c338188291ce02135f9f637568bb73f5550dcd37bc7b10aaa3f2170,False
2,Ivysaur,ivysaur,grass,poison,grassland,1.0,13.0,45,34,0,69,4e4b110ea15eba3106f24aa86e0b6ca4675068af5487562caa8c6ebdf58bc744,False
3,Venusaur,venusaur,grass,poison,grassland,2.0,100.0,45,38,0,73,fc58f0a4a4e11efac417e906791ab8c79951ac50f89f34f51eb1bda1867e82d4,False
4,Charmander,charmander,fire,,mountain,0.6,8.5,45,48,1,91,1754c77eefa527cfae09b23380c7dfa89b48dba0576c39c08e34568cf5e764d4,False
5,Charmeleon,charmeleon,fire,,mountain,1.1,19.0,45,42,0,79,13b49e2a1e92e1bea3be8c000d6095c2933c64f4d1c93dcf934acd0c2617e6ce,False
6,Charizard,charizard,fire,flying,mountain,1.7,90.5,45,50,0,94,2e8030d8bc9d344f32d0e3b25ee0152ae71538ab85a3834583923fd10d14d16e,False
7,Squirtle,squirtle,water,,waters-edge,0.5,9.0,45,49,1,86,58f63322497bb7f540fb5e3182cdb87ba7714af8c62ae1b2fdc731f2bf0b0b8c,False
8,Wartortle,wartortle,water,,waters-edge,1.0,22.5,45,41,0,74,e3cf4a56375da44bc2d81775f2da66e331832ac379443e9caf16b92dd3f641f9,False
9,Blastoise,blastoise,water,,waters-edge,1.6,85.5,45,45,0,84,fdc18f8840d5272b1c05a30db97e2049b05d3ed9c6bc07ad1113f94db728ec6c,False
10,Caterpie,caterpie,bug,,forest,0.3,2.9,255,2,5,19,bdb3c89a41c45d76c3dd5de8c18595efc009af94404fb7cd5555c0632eebca7d,False
11,Metapod,metapod,bug,,forest,0.7,9.9,120,1,4,18,567c8a0f4cee15ba428bb93d303883a258038a37527d5296aae52acb81cc8433,False
12,Butterfree,butterfree,bug,flying,forest,1.1,32.0,45,35,0,67,6d547e4c259232f9d39b734cfbaa06997da5220aa58096cfea979b7a5a4f36ff,False
13,Weedle,weedle,bug,poison,forest,0.3,3.2,255,2,5,23,e56eaed8db581db1dc3842ca3d45e3cf429cd6bc25eb773c3fb28ace7f9d3d0c,False
14,Kakuna,kakuna,bug,poison,forest,0.6,10.0,120,1,4,17,941a4eb9d22397d6b115c09537358e30fc3f90ad43f658b38b74b7c19ed723dc,False
15,Beedrill,beedrill,bug,poison,forest,1.0,29.5,45,32,0,65,9999399dde47a1a46d31c72fac3d3f41cb71f90fa11bd5c5b87e647eb58cbde3,False
16,Pidgey,pidgey,normal,flying,forest,0.3,1.8,255,32,16,63,e1f5fbe8efd013835103c429fa4b410ed148c02ce56564973ebd2b37ba81b174,False
17,Pidgeotto,pidgeotto,normal,flying,forest,1.1,30.0,120,28,6,58,b31d3812fbddc10cdbbad7c0ee694b3336dc8f01c6e3e23fc9afb5c09215c00a,False
18,Pidgeot,pidgeot,normal,flying,forest,1.5,39.5,45,29,0,59,2487562f00fedeaafc0a86daefffacf63e848bb5a62dd5672e7223de278e9ee4,False
19,Rattata,rattata,normal,,grassland,0.3,3.5,255,45,12,79,b867b955c5420a6d7762e9cff6f3c7c85406fa644e4fa599b007342d800ed14f,False
20,Raticate,raticate,normal,,grassland,0.7,18.5,127,41,7,74,577c06db90a3546df67f9b9b21bde86f84c05b3bbaf26330b738527a0bd3f56e,False
21,Spearow,spearow,normal,flying,rough-terrain,0.3,2.0,255,34,17,68,2fded12485f6b9b13e3693181fddf9e4ceea0b713ec31bb0b00bdd9b2b2df8de,False
22,Fearow,fearow,normal,flying,rough-terrain,1.2,38.0,90,28,11,59,f9735c83024675be249d3a926f4e584f05cd4caddb41d69c187e88a84250a30c,False
23,Ekans,ekans,poison,,grassland,2.0,6.9,255,42,6,71,9a4d412ffbd0862748df0c132debbafa372f4df18a7bb9f00f65b353b581f512,False
24,Arbok,arbok,poison,,grassland,3.5,65.0,90,38,4,67,4ada437ff5785e4cb906ee594d9d557b275298150a3b11356730d55fefb7859a,False
25,Pikachu,pikachu,electric,,forest,0.4,6.0,190,37,3,70,eee81b37922e1645d46da7aa5f23ae1ad2052c155630fbb9ccba27b36fb1bf70,False
26,Raichu,raichu,electric,,forest,0.8,30.0,75,36,0,73,dc74fff33490e9ba54653fe40622f5c91db35623e64737662bfcf87d94b2d644,False
27,Sandshrew,sandshrew,ground,,rough-terrain,0.6,12.0,255,44,0,80,13b979c12b9b2c6a0f2034acd3054cd43a855ebc4c7c973719a89ef9f065f163,False
28,Sandslash,sandslash,ground,,rough-terrain,1.0,29.5,90,40,0,75,bd179882fcae2830f043adc5850f3fb6c3dbd40eeaeddef3a53a0879a9e6a014,False
29,Nidoran F,nidoran-f,poison,,grassland,0.4,7.0,235,47,4,88,33b7c23060943bb7f254d61790d1fc822744ebce25c4a4c873e9e2ff71290848,False
30,Nidorina,nidorina,poison,,grassland,0.8,20.0,120,41,3,76,33973f319a0eec579f32b58f36aa0ad56722a0b9e0e86c37d663a4177d6519ac,False
31,Nidoqueen,nidoqueen,poison,ground,grassland,1.3,60.0,45,53,0,98,d6b5f4dff21a29e77fa9e8e3ffe4bdcff04141ba6d122cbd7dd7c133f97cb174,False
32,Nidoran M,nidoran-m,poison,,grassland,0.5,9.0,235,46,5,88,693a632c2ffbd544008f976d1a87540744f44a8bed87ffda27cc9bac904ea7e9,False
33,Nidorino,nidorino,poison,,grassland,0.9,19.5,120,40,4,76,1db0a31ca4e56a8284bb21e6641a11ac5835cca8bcca2c2d62f651b526ca77bd,False
34,Nidoking,nidoking,poison,ground,grassland,1.4,62.0,45,53,0,95,520b766b2dc66d952bb07dc628a63a7711c8706e39bac5d7643101616fbf9c0c,False
35,Clefairy,clefairy,normal,,mountain,0.6,7.5,150,57,3,100,74f571390daa6da3e233ebed7fd6449108e616c6d91a81793af73c4f07ee50da,False
36,Clefable,clefable,normal,,mountain,1.3,40.0,25,50,0,91,16d9abab905e92bbcf2c7af741888d7c81f044c05fb76fb4785d69358c5fba24,False
37,Vulpix,vulpix,fire,,grassland,0.6,9.9,190,38,0,69,438c49bd1b01789d775bb8de6bafb24181abc11d23ff2c49d093ad3dc321ffa8,False
38,Ninetales,ninetales,fire,,grassland,1.1,19.9,75,27,0,53,8000f174d29c66ef1704dc33a1038dbbf4a970d4996e54b799435a99ad769780,False
39,Jigglypuff,jigglypuff,normal,,grassland,0.5,5.5,170,49,1,88,d7d8443853dd103ced2f7996331ac3918e7bcb60397fcc4170f553ad721153a5,False
40,Wigglytuff,wigglytuff,normal,,grassland,1.0,12.0,50,47,0,87,5ae51c0d7d1ccbb3767daf3808744ee64c80e99bcefea42a2b8e2fbd2b43999c,False
41,Zubat,zubat,poison,flying,cave,0.8,7.5,255,40,27,74,b06578da39b89378a86864ebaaebae665b34c79f6710b4e30166d7b8a07499a9,False
42,Golbat,golbat,poison,flying,cave,1.6,55.0,90,36,26,69,60e53c8990be1880de9c58c49c48c0bae7373ccc952f7477b4332c4ccc98737f,False
43,Oddish,oddish,grass,poison,grassland,0.5,5.4,255,34,13,67,2aa6d77a91c39e48d2f3f24e6735e5b8ac72912c441d99af9763a0e74e194117,False
44,Gloom,gloom,grass,poison,grassland,0.8,8.6,120,29,8,62,07928f42500e474cb9e3d0b5579bb8b54b21e2ec59ae321ea44ccdf07b7e34cf,False
45,Vileplume,vileplume,grass,poison,grassland,1.2,18.6,45,28,0,57,2938b5f988a8a114e09f13415cf91793176964cc79e95b8d9c5cb7f21ef99670,False
46,Paras,paras,bug,grass,forest,0.3,5.4,190,42,5,77,2a991ca2ff6faa876e0198e636495e4b3279c4f49dea4df4ed186a7fe96069e8,False
47,Parasect,parasect,bug,grass,forest,1.0,29.5,75,36,5,69,0b5cc70a2ab992aad097dc8694a73f69c4d247f27090258882d83793d39d1cee,False
48,Venonat,venonat,bug,poison,forest,1.0,30.0,190,34,8,66,21e81b1f2d2150c7a1c94109df59644c91dbde4b1bebc577159eedf4944039f2,False
49,Venomoth,venomoth,bug,poison,forest,1.5,12.5,75,35,3,69,8c4c63fc58a3634f6d6341c8a15c4266ac641d50f020ebeddfcea16ef2fb19df,False
50,Diglett,diglett,ground,,cave,0.2,0.8,255,38,1,71,44e085863e184911c8397b814d0638c64dfb268990180f249922901e6e20c1da,False
51,Dugtrio,dugtrio,ground,,cave,0.7,33.3,50,35,1,65,51845eb87c5abf8b6affece88568df617acf45e93490d853efec17673c3b4990,False
52,Meowth,meowth,normal,,urban,0.4,4.2,255,47,13,77,f94034b76efa9c7a43b4ca4b2e609693aff561f0a89787b4746b88f146d62c33,False
53,Persian,persian,normal,,urban,1.0,32.0,90,43,9,75,d7f757671d06dc1e53733d4e8f472a6d578235cbdcefb33d93bb01a9ec4d6dd7,False
54,Psyduck,psyduck,water,,waters-edge,0.8,19.6,190,52,53,93,3d06d27de61b8975e30eb41a58ba0686281d9506d8ad7adb19169ec9ad986400,False
55,Golduck,golduck,water,,waters-edge,1.7,76.6,75,45,8,85,a51fe1479fa1524615d79a557a61b4f169b4491efb87a8dc6397d0504bd2a334,False
56,Mankey,mankey,fighting,,mountain,0.5,28.0,190,53,6,92,8eed647c4ecfe684a388161223c08c014bd6555e506affd36f349b6fca5602dc,False
57,Primeape,primeape,fighting,,mountain,1.0,32.0,75,49,3,88,154de938c0ea070c9376e526937c68acfe40f06d4d95f4e44d68dcd4b668376c,False
58,Growlithe,growlithe,fire,,grassland,0.7,19.0,190,39,6,68,d35268269a284929873be4282bcb48a368c9733a91cb15a3843bda7742861207,False
59,Arcanine,arcanine,fire,,grassland,1.9,155.0,75,30,0,56,4707b5fff267003fdcef312877d45268537428dc1dca978be1845c746aa613d8,False
60,Poliwag,poliwag,water,,waters-edge,0.6,12.4,255,38,17,73,8978fc3cae7ca3c096d53f401f183be6edc4d958d612583a5f171141790d7b05,False
61,Poliwhirl,poliwhirl,water,,waters-edge,1.0,20.0,120,41,11,77,2d716592f260c286b61992ca81be1e1a94bf0a1c90e92200b2b979405634223d,False
62,Poliwrath,poliwrath,water,fighting,waters-edge,1.3,54.0,45,43,0,81,4e2e1b641c802a2090297dba768a9cd236603c6aac7f9edd6835ef1f0b02a9a1,False
63,Abra,abra,psychic,,urban,0.9,19.5,200,45,3,83,55cad77c9e5d7c26aa1c3f489bad3a7d10bd6b90c07c996f2863e03407e6eff2,False
64,Kadabra,kadabra,psychic,,urban,1.3,56.5,100,47,2,84,84a2fdc46887f5fbbd0b67222f0246ad13b7f304e12fc6384097f8e24a67925f,False
65,Alakazam,alakazam,psychic,,urban,1.5,48.0,50,47,0,85,95228631ea8ce4bfb4bff59b80f21693f1096806f456e395e75499bde1805351,False
66,Machop,machop,fighting,,mountain,0.8,19.5,180,49,9,92,7b665c4efff23e3998927225eebc229bfe363ace63f257207061f9f1a0d8466c,False
67,Machoke,machoke,fighting,,mountain,1.5,70.5,90,44,8,85,0c5969f9cef3667c2a7bd357a6c592823ec7fa08ed96d44ccd676246a851df4d,False
68,Machamp,machamp,fighting,,mountain,1.6,130.0,45,45,0,85,b4a9c2b6e17a3ceea2b89865264ae92ca691393c543c9a8fcb5a2633220dc942,False
69,Bellsprout,bellsprout,grass,poison,forest,0.7,4.0,255,38,0,74,5b5e147a4beb00070946367c03ad48eb111798da0c7cdf8743037e1d36b875a9,False
70,Weepinbell,weepinbell,grass,poison,forest,1.0,6.4,120,32,0,65,3c9caaf44e6afb9d351767184ee2572483918db16be29cc85fa56f8342341a40,False
71,Victreebel,victreebel,grass,poison,forest,1.7,15.5,45,31,0,65,d8d9dadf882cf633e7bf9822f3d2d02b4bef4147702a495d8b662391972de58b,False
72,Tentacool,tentacool,water,poison,sea,0.9,45.5,190,41,29,71,276e7aea298505331dcc98484c30a824338deaf510e8992eba148cccae4227bd,False
73,Tentacruel,tentacruel,water,poison,sea,1.6,55.0,60,36,15,65,1b1ecf88cad6f7162db0377197dcf98bad5aa22ea2b89b1f502d082264b70f11,False
74,Geodude,geodude,rock,ground,mountain,0.4,20.0,255,40,19,76,ddcad252250a607747e6c2643886bddd12454d10e3a29a90d4678de5078a1f00,False
75,Graveler,graveler,rock,ground,mountain,1.0,105.0,120,39,12,76,8e3adccd98ae6adb85a4db75b7683d562239358609dcaa73083ff6f62c8cd461,False
76,Golem,golem,rock,ground,mountain,1.4,300.0,45,42,0,81,f88404f9bd1401d76184688e87d20e592f964d106fcc5720cfb7929af30c4cef,False
77,Ponyta,ponyta,fire,,grassland,1.0,30.0,190,35,2,65,e2ec10ce8a2b4f8799c96845021d14e813c07c60872b74810ce6a6254ab4fd0d,False
78,Rapidash,rapidash,fire,,grassland,1.7,95.0,60,32,2,63,59fe40ab5b8f475062f6416efaf494b1edd0680c006ec62fc58ab5050f66dfd3,False
79,Slowpoke,slowpoke,water,psychic,waters-edge,1.2,36.0,190,52,0,91,352177cabb8941b461f51ad73aaab8ccd603c3cb15c8847008069f79ddf9220a,False
80,Slowbro,slowbro,water,psychic,waters-edge,1.6,78.5,75,55,0,97,7658a0d4a9d5b338cfbeefc5c93fcf3139909bc40468bf8cbbe9029d69094506,False
81,Magnemite,magnemite,electric,steel,rough-terrain,0.3,6.0,190,30,1,58,aeb1c2323c6c8d2e2e0d64c631652452c9e10493ecfcba227cfd1e28509e7660,False
82,Magneton,magneton,electric,steel,rough-terrain,1.0,60.0,60,31,4,64,595e468c42f5decf3689b405a0ef46d2868f6a3144485504f3356c91258c646b,False
83,Farfetchd,farfetchd,normal,flying,grassland,0.8,15.0,45,38,1,71,c95c1fda89250cb8d1d193e58f1f6a3de4e92bbca9fa464ca18a485167ddcbdf,False
84,Doduo,doduo,normal,flying,grassland,1.4,39.2,190,34,5,62,c046e3b4515ca68aab7967642b9e5e2fb85f742d18b6fe4d9c89f4f7963d5ae0,False
85,Dodrio,dodrio,normal,flying,grassland,1.8,85.2,45,31,0,60,ff5aa8b017e5af6633d90a28e4dcf45bdf727f476082869a890afba5d05b5311,False
86,Seel,seel,water,,sea,1.1,90.0,190,37,9,70,8241534ba913913213252c746c2f7a5e0f6e196505a03bcd86edfdb698bf42fa,False
87,Dewgong,dewgong,water,ice,sea,1.7,120.0,75,32,4,61,e2087c7f1d09e47423b65871bfe2f6afc99f52725cf707650fc9a8e007c0ff50,False
88,Grimer,grimer,poison,,urban,0.9,30.0,190,43,5,74,61534d4cc4fbd76f7dc2467b1ae4706ab625ec6077f6e8e7834648c7b02737c3,False
89,Muk,muk,poison,,urban,1.2,30.0,75,42,0,72,3a5f633155d96292525f8914cf3c6c8d5939fd4ce3d370e60acf133fe06de6f5,False
90,Shellder,shellder,water,,sea,0.3,4.0,190,33,7,58,fbbf4e07a05af0f6401562419869fcc05a2b64e5df36842e68acacd09aa00ebc,False
91,Cloyster,cloyster,water,ice,sea,1.5,132.5,60,28,0,53,717a11fe6d9ae5d477d6817b657ab70b490b21341e3c55882f3cfd5474fff70e,False
92,Gastly,gastly,ghost,poison,cave,1.3,0.1,190,41,16,75,9331c1d7a5dc18e2abb5315b2b14dada00071d1d16ce2e173b8280bc794c3881,False
93,Haunter,haunter,ghost,poison,cave,1.6,0.1,90,36,16,65,a9048771613fe003047caf24daf88057e0f3ea9fb1f80b8ddd3e6b1966c0f870,False
94,Gengar,gengar,ghost,poison,cave,1.5,40.5,45,49,0,88,9c92328d1684c352c5b32c04c266ef67228cfd242cbbe44a33c172e2950bf9ab,False
95,Onix,onix,rock,ground,cave,8.8,210.0,45,38,6,67,3c9f5aedc270b9863fcaa066b5fd774374e0ab2f00de567601dfad0117b3e1ea,False
96,Drowzee,drowzee,psychic,,grassland,1.0,32.4,190,53,2,92,933e1eb65e67d5f651d5e56a0567317302e07e16cab0fbfa285fc9bf6988ac1a,False
97,Hypno,hypno,psychic,,grassland,1.6,75.6,75,49,1,83,82a95046b28cfb122748614b1c1d52e85a0359de607c479af8563579c7685155,False
98,Krabby,krabby,water,,waters-edge,0.4,6.5,225,41,16,70,7a4bece8e8fec9e6492afed11dda894e28524f17f46e2eddf8aee1be4f1f9753,False
99,Kingler,kingler,water,,waters-edge,1.3,60.0,60,39,0,69,3cc6c73d0065cff015e957a3c93baf44382bea723522990f2cbd4d8637b37dc6,False
100,Voltorb,voltorb,electric,,urban,0.5,10.4,190,31,2,53,90256f11db369a5880112901635635d6d46dd1cee6348171ad27b013ae3a4bd1,False
101,Electrode,electrode,electric,,urban,1.2,66.6,60,32,5,57,350da68b1381f5304b6d264dd936895f7f822a97a4e08c56f20af38ec63f10e1,False
102,Exeggcute,exeggcute,grass,psychic,forest,0.4,2.5,90,41,5,75,cb023e014b60cd809e0137f110c762502aedbc4b6cdd47192652f5c7a1cc2c5f,False
103,Exeggutor,exeggutor,grass,psychic,forest,2.0,120.0,45,33,0,58,0107d541679ec08a795e7e02b60bc9206c5965db3f106f807255ba0965c656bb,False
104,Cubone,cubone,ground,,mountain,0.4,6.5,190,52,6,95,01f58bd4d557e570a78fe023c79d076f179cca3f67936055294ebe778a734f17,False
105,Marowak,marowak,ground,,mountain,1.0,45.0,75,48,4,87,061951690e06f971fd92d6dc1c86e9780482725dab6c5b8db3681296eb008fa1,False
106,Hitmonlee,hitmonlee,fighting,,urban,1.5,49.8,45,41,1,81,bf779d809615f649a05e7f1f6be71affd7f56d05f09384b56dd9cafdc7a08a3a,False
107,Hitmonchan,hitmonchan,fighting,,urban,1.4,50.2,45,40,1,77,a262927cc62055d360a898ebe3316d3d35d35dd09aea237c36ec719df499b66b,False
108,Lickitung,lickitung,normal,,grassland,1.2,65.5,45,62,1,106,b5bfa328bcad64016d2611bf7c37868d3a7f7276545996ce30fdc64f10e994c7,False
109,Koffing,koffing,poison,,urban,0.6,1.0,190,40,5,68,eb91ce9a4a5e14cf1657a607b381838decb73510507e8bf3295746fba049f6ec,False
110,Weezing,weezing,poison,,urban,1.2,9.5,60,36,4,65,56f2ef7b4f194be628b106524bfb5a8ef93eab80f4543a10c66738f38d852450,False
111,Rhyhorn,rhyhorn,ground,rock,rough-terrain,1.0,115.0,120,49,2,87,32af853342aea6568e0b31229b553547b2a8204fb6f14772880b33eea7db7252,False
112,Rhydon,rhydon,ground,rock,rough-terrain,1.9,120.0,60,52,0,96,9538d29d4c4edf1db0aaec4c1caf056e2b8399bb32cb101e2352c9aacaaaf4b8,False
113,Chansey,chansey,normal,,urban,1.1,34.6,30,63,2,110,3730ae4ecbbe354e876c9a0e1971c6dbfe839183b24462f901607203750d447e,False
114,Tangela,tangela,grass,,grassland,1.0,35.0,45,43,3,79,f180fe51818e24d2b3a543e781a7284f4e9edc50d5f46ae175ed795cdb939d56,False
115,Kangaskhan,kangaskhan,normal,,grassland,2.2,80.0,45,62,2,106,d57a5201859ce80a0dfaa18137be2b55c908d9eaf5c8afbd42362f37e8ccae51,False
116,Horsea,horsea,water,,sea,0.4,8.0,225,36,31,65,870bde7bfe60d823b3d6080e7958326571ae2c2a8abe77ca23969542f00d645b,False
117,Seadra,seadra,water,,sea,1.2,25.0,75,30,20,57,6951a0805d974e59f65ca37a452f25aeb6f0e7326c1716d1e2704d317c38695d,False
118,Goldeen,goldeen,water,,waters-edge,0.6,15.0,225,36,17,68,fccd89f03cdb71ddc8d22f3c3a40cd3ea74f9509a300028abad14dfa61016450,False
119,Seaking,seaking,water,,waters-edge,1.3,39.0,60,32,6,61,ee68ad161d065f64badd8837f5304c5acb413163a31fc36ea668a47f0b293093,False
120,Staryu,staryu,water,,sea,0.8,34.5,225,38,0,67,c169249b2aca4068c20af6cf1683363c4636f7405260c0ccab24316772e7dc01,False
121,Starmie,starmie,water,psychic,sea,1.1,80.0,60,35,0,64,39223972d3ebd008fef8496ebf48216a07f0835f9176d5a7b643085c1d5f29b1,False
122,Mr Mime,mr-mime,psychic,,urban,1.3,54.5,45,57,1,101,7a99e0f79d4657a1951b70b65e844a0ef6c8fbe266e8f3a562ca4893bbf4fd54,False
123,Scyther,scyther,bug,flying,grassland,1.5,56.0,45,39,3,74,ad07228478b4024f85b4718012781595e7b02949253456a8d0afab212dd63727,False
124,Jynx,jynx,ice,psychic,urban,1.4,40.6,45,47,1,87,0fc1e20605a7a2534c88674540c94967d0a2fc4d20042cd34e4f663a4157eae9,False
125,Electabuzz,electabuzz,electric,,grassland,1.1,30.0,45,38,1,71,7a958ee61b49206b866337e011504cbc0f32af55b8f761ac5416015f0041a6cf,False
126,Magmar,magmar,fire,,mountain,1.3,44.5,45,35,0,65,f29d2412c674de135d2b75e17d456565c8dba62514a7e29d817d47a4ddd47935,False
127,Pinsir,pinsir,bug,,forest,1.5,55.0,45,41,0,76,aa043a21b3bfffb8ff84dc14b0f7821d70822876e5b763511fc78ee4e26752d4,False
128,Tauros,tauros,normal,,grassland,1.4,88.4,45,42,2,73,44a46b65b9c865c2f4bac006b278f8854d3ddf7139e2a64f0cc5eb5ef890a2e1,False
129,Magikarp,magikarp,water,,waters-edge,0.9,10.0,255,3,51,18,1be36dcebd13bca27c0c549f936ea00975136ed8642f3c46293c16010ecbc58d,False
130,Gyarados,gyarados,water,flying,waters-edge,6.5,235.0,45,42,44,74,a40a74ff0504319670a00d173773700ff9c7bc69479d71f4b0223e94d11aeeb2,False
131,Lapras,lapras,water,ice,sea,2.5,220.0,45,48,2,84,95f148ab4cdfed6a5700fe7911e101ec41645465edd9be9b720964822bfff165,False
132,Ditto,ditto,normal,,urban,0.3,4.0,35,1,7,11,85f69a535bacf276111bdc021a0590c922395979f91bdea0e0496412cbddad72,False
133,Eevee,eevee,normal,,urban,0.3,6.5,45,34,1,66,f2f4daaa948c694a48a9c99ec5e33ba46a8ef96d8d4c55597525d147e083f4c9,False
134,Vaporeon,vaporeon,water,,urban,1.0,29.0,45,39,0,76,9c37018ecf3d98cdbdd1cf1f771e6ff8290ed334f787bb4c7dbcda6fe53132b1,False
135,Jolteon,jolteon,electric,,urban,0.8,24.5,45,35,0,71,81acf4853524f15bd54e8cfc81cd6bdcf26da06077a10405f38a9b5bb504a622,False
136,Flareon,flareon,fire,,urban,0.9,25.0,45,34,0,68,5c4ee10e1f352877b58e32d7c2b81d1c3f85282bd1a2eb779fb2e184b320ce64,False
137,Porygon,porygon,normal,,urban,0.8,36.5,45,40,1,73,97bbd216e4813a95210b3472b6fe94bc8f39f4c866a5ac9293e1024284b91bef,False
138,Omanyte,omanyte,rock,water,sea,0.4,7.5,45,42,1,73,5c60f52356edcc4df11484714c0d8738b7215f6fbc3c4ccdb7e6884fba88b2be,False
139,Omastar,omastar,rock,water,sea,1.0,35.0,45,39,0,72,b7516c97ce3346287da29604b5dfa2982ae76ff1b61b416a32887d535e897118,False
140,Kabuto,kabuto,rock,water,sea,0.5,11.5,45,45,1,82,6ff60697288c53d73ebd73302d0877e52b74d944d97e54cd339912b7a19e74bc,False
141,Kabutops,kabutops,rock,water,sea,1.3,40.5,45,48,0,87,1f4e155cc6aaa0b7a5f5ec8373981853c02759bd7be5f8b96d1f1da98e590fc5,False
142,Aerodactyl,aerodactyl,rock,flying,mountain,1.8,59.0,45,45,1,78,6e108d1443c27c0380d5e7fb306bc500fba0237e4348a0403360db099add7630,False
143,Snorlax,snorlax,normal,,mountain,2.1,460.0,25,56,2,96,eaedaf8c581a4089455339c9fe1f0c3859912f076037897b3864459cc5ad7587,False
144,Articuno,articuno,ice,flying,rare,1.7,55.4,3,32,1,63,6d7314729b473616fd5690c54d056e621384a3cea80394053111546200ca7168,False
145,Zapdos,zapdos,electric,flying,rare,1.6,52.6,3,33,1,62,212ac002d68a6a4a530f5fc50e5dee609c982911323ac3b71d71f5182fd9711f,False
146,Moltres,moltres,fire,flying,rare,2.0,60.0,3,32,1,62,acc018e185c1024651772f84657091872b7578e0212bcefae8d714a186ccf2d4,False
147,Dratini,dratini,dragon,,waters-edge,1.8,3.3,45,44,5,79,23e322f7f37efb94d20913549bb725ba070fbaa091c6552e937917f9a47aa456,False
148,Dragonair,dragonair,dragon,,waters-edge,4.0,16.5,45,38,4,70,40978ba6b4effbf9b8e0375d19514700d0acae40cc0cfbf821d9d20bfb580962,False
149,Dragonite,dragonite,dragon,flying,waters-edge,2.2,210.0,45,53,0,92,45725cdf4df333791c002104ef9161d494f00463b2e9adc7487794d8a0a7f38a,False
150,Mewtwo,mewtwo,psychic,,rare,2.0,122.0,3,63,1,108,a6f96968fce4f2a1105bc62c3d8be71a3348bc5d5d9d805146869280a25c68ca,False
151,Mew,mew,psychic,,rare,0.4,4.0,45,76,0,126,65e95f6eb915a0f78948db02de4642c7a4f1ca428a4d8ab8e819bb5ff1e3019c,False
